id,address
1,"201 E GREENE ST, Milledgeville, GA, 31061, US"
2,"274 BETHEL FREEWILL RD, Baxley, GA, 31513, US"
3,"1217 BRECKINRIDGE TRL, Winder, GA, 30680, US"
4,"109 MEADOW RD NE, Milledgeville, GA, 31061, US"
5,"1681 SHADOWSTONE CT, Winder, GA, 30680, US"
6,"1242 SUMMER LN, Auburn, GA, 30011, US"
7,"595 CARSON SEGARS RD, Maysville, GA, 30558, US"
8,"321 BORDERS DR, Commerce, GA, 30530, US"
9,"656 FRIENDSHIP CHURCH RD, Alma, GA, 31510, US"
10,"123 HAMBY MTN PK DR, Baldwin, GA, 30511, US"
11,"922 ATLANTA HWY, Auburn, GA, 30011, US"
12,"545 HENDRICKS RD, Surrency, GA, 31563, US"
13,"106 E MONTEGO CT NW, Milledgeville, GA, 31061, US"
14,"1326 CREEKVIEW DR, Auburn, GA, 30011, US"
15,"1485 IRWINTON RD SW, Milledgeville, GA, 31061, US"
16,"180 GAMBLERS OAK LN, Axson, GA, 31624, US"
17,"125 N POINT RD NE, Milledgeville, GA, 31061, US"
18,"180 LAKEPORT RD, Milledgeville, GA, 31061, US"
19,"3413 HIGHWAY 59, Commerce, GA, 30530, US"
20,"106 ISLAND CREEK DR NE, Sparta, GA, 31087, US"
21,"427 RAYMOND DR, Winder, GA, 30680, US"
22,"104 SHILOH AVE SW, Milledgeville, GA, 31061, US"
23,"189 ETHERIDGE RD, Auburn, GA, 30011, US"
24,"1351 PRETTY FORD RD, Baxley, GA, 31513, US"
25,"102 TROTTERS GLN, Baldwin, GA, 30511, US"
26,"1685 HOLY FAMILY CHURCH RD, Pearson, GA, 31642, US"
27,"153 MOORE ST SE, Milledgeville, GA, 31061, US"
28,"664 ANTIOCH CHURCH RD, Pearson, GA, 31642, US"
29,"178 CANNON CRK, Homer, GA, 30547, US"
30,"410 W MONTGOMERY ST, Milledgeville, GA, 31061, US"
31,"289 THE OAKS CIR, Pearson, GA, 31642, US"
32,"407 GA HIGHWAY 203 S, Alma, GA, 31510, US"
33,"150 PA JOHNS RD NE, Milledgeville, GA, 31061, US"
34,"750 N COLUMBIA ST, Milledgeville, GA, 31061, US"
35,"1300 W HANCOCK ST, Milledgeville, GA, 31061, US"
36,"2128 HIGHWAY 198, Baldwin, GA, 30511, US"
37,"1701 GRANITE LN, Statham, GA, 30666, US"
38,"1775 HIGHWAY 211 NW, Hoschton, GA, 30548, US"
39,"165 WELBORN DR, Gillsville, GA, 30543, US"
40,"704 TOWNSEND LN, Alma, GA, 31510, US"
41,"823 WELBORN RD, Maysville, GA, 30558, US"
42,"103 COON DOG TRL, Lula, GA, 30554, US"
43,"87 NORTHSIDE ST, Baxley, GA, 31513, US"
44,"3450 GREENLEFFE DR, Statham, GA, 30666, US"
45,"2960 MOTT LN, Newton, GA, 39870, US"
46,"2416 HOLLY DR, Milledgeville, GA, 31061, US"
47,"2007 BURGUNDY DR, Braselton, GA, 30517, US"
48,"265 PANCRAS RD SW, Milledgeville, GA, 31061, US"
49,"103 GWEN ST, Alma, GA, 31510, US"
50,"760 APPIAN WAY, Statham, GA, 30666, US"
51,"259 HIGHWAY 164, Commerce, GA, 30529, US"
52,"384 EMMA DR, Winder, GA, 30680, US"
53,"420 RAYMOND DR, Winder, GA, 30680, US"
54,"2436 HOLLIS RD, Statham, GA, 30666, US"
55,"2081 GA HIGHWAY 32 W, Alma, GA, 31510, US"
56,"1649 SIMS BRIDGE RD, Commerce, GA, 30530, US"
57,"112 N MAIN ST SW, Milledgeville, GA, 31061, US"
58,"256 FLORIDA RD, Willacoochee, GA, 31650, US"
59,"1039 OLD DOUGLAS HWY, Pearson, GA, 31642, US"
60,"905 VININGS DR, Winder, GA, 30680, US"
61,"1221 BRIDGE CREST DR, Winder, GA, 30680, US"
62,"6773 GRAND HICKORY DR, Braselton, GA, 30517, US"
63,"1872 PARKER DR, Statham, GA, 30666, US"
64,"1013 ROLLING RIDGE LN, Auburn, GA, 30011, US"
65,"1825 HIDDEN CREEK DR, Hoschton, GA, 30548, US"
66,"1288 POOR ROBIN RD, Baxley, GA, 31513, US"
67,"193 FRAZIER DR SE, Milledgeville, GA, 31061, US"
68,"1660 VALLEY RD, Milledgeville, GA, 31061, US"
69,"102 COVENTRY CT NE, Milledgeville, GA, 31061, US"
70,"978 SPARTA HWY, Sparta, GA, 31087, US"
71,"258 HEBRON RD, Commerce, GA, 30530, US"
72,"284 MOUNTAIN CREEK LN, Maysville, GA, 30558, US"
73,"2948 CLEAR LAKE RD, Newton, GA, 39870, US"
74,"274 ROCK SPRINGS RD, Lula, GA, 30554, US"
75,"487 GIN MILL DR, Monroe, GA, 30656, US"
76,"135 CRANFORD DR SW, Milledgeville, GA, 31061, US"
77,"218 TYRONE RD, Commerce, GA, 30530, US"
78,"255 E COKER RD, Homer, GA, 30547, US"
79,"948 BALDWIN HEIGHTS RD, Baldwin, GA, 30511, US"
80,"272 JEFFERSON ST, Statham, GA, 30666, US"
81,"166 JOHNSON LAKE RD, Alma, GA, 31510, US"
82,"134 MULLIS DR, Alma, GA, 31510, US"
83,"1318 PRINCESS DR, Winder, GA, 30680, US"
84,"356 ALPINE DR, Baxley, GA, 31513, US"
85,"206 S WORTH ST, Alma, GA, 31510, US"
86,"105 SYCAMORE RD SW, Milledgeville, GA, 31061, US"
87,"1052 OCTAVIA CT, Winder, GA, 30680, US"
88,"260 E SCREVEN ST, Milledgeville, GA, 31061, US"
89,"704 TOWNSEND LN, Alma, GA, 31510, US"
90,"744 BRANNON HOLDER RD, Winder, GA, 30680, US"
91,"114 STEVENS DR NW, Milledgeville, GA, 31061, US"
92,"230 SARA HUNTER LN NW, Milledgeville, GA, 31061, US"
93,"1730 APPLE PIE RIDGE RD, Alto, GA, 30510, US"
94,"104 LAKESHORE DR, Alma, GA, 31510, US"
95,"1937 ROBIN CIR, Milledgeville, GA, 31061, US"
96,"437 EVANS ST, Homer, GA, 30547, US"
97,"1307 LACKEY RD, Winder, GA, 30680, US"
98,"255 CHEYENNE WAY, Auburn, GA, 30011, US"
99,"145 MATTHEWS SCHOOL RD, Winder, GA, 30680, US"
100,"5049 HIGHWAY 63, Carnesville, GA, 30521, US"
101,"165 JOHNS BLF, Auburn, GA, 30011, US"
102,"673 HICKORY FLAT RD, Gillsville, GA, 30543, US"
103,"1337 SHADY TRL, Auburn, GA, 30011, US"
104,"25 APARTMENT ST, Homer, GA, 30547, US"
105,"1123 ROCK SPRINGS RD, Lula, GA, 30554, US"
106,"419 ARROWHATCHEE DR, Winder, GA, 30680, US"
107,"900 RELAXED WAY, Winder, GA, 30680, US"
108,"777 SAMUEL CT, Bethlehem, GA, 30620, US"
109,"120 BUCKEYE LN NW, Milledgeville, GA, 31061, US"
110,"140 SPRINGBROOK DR, Auburn, GA, 30011, US"
111,"1450 FIELDSTONE CT, Winder, GA, 30680, US"
112,"1166 VICTRON DR, Hoschton, GA, 30548, US"
113,"6895 BUCK HEAD RD, Baxley, GA, 31513, US"
114,"1105 ASCOT WAY, Braselton, GA, 30517, US"
115,"1625 SADDLECREEK RD, Auburn, GA, 30011, US"
116,"104 WALKER DR NW, Milledgeville, GA, 31061, US"
117,"105 HARRISBURG RD SW, Milledgeville, GA, 31061, US"
118,"1537 WILLOW GATE TRCE, Auburn, GA, 30011, US"
119,"104 ALLENWOOD CT SW, Milledgeville, GA, 31061, US"
120,"173 CYPRESS DR, Baxley, GA, 31513, US"
121,"783 GABLE CT, Winder, GA, 30680, US"
122,"141 GOVERNORS RDG, Auburn, GA, 30011, US"
123,"1864 HIGH GREEN DR, Statham, GA, 30666, US"
124,"1201 TREEMONT TRC, Winder, GA, 30680, US"
125,"249 SEARS POND LN, Pearson, GA, 31642, US"
126,"590 E CAMDEN ST, Milledgeville, GA, 31061, US"
127,"1526 POINTERS WAY, Auburn, GA, 30011, US"
128,"619 SURSSON ST, Baxley, GA, 31513, US"
129,"686 TENNILLE RD, Arlington, GA, 39813, US"
130,"306 SHENANDOAH CIR, Winder, GA, 30680, US"
131,"1305 FIELDSTONE DR, Winder, GA, 30680, US"
132,"890 OLD HOG MOUNTAIN RD, Hoschton, GA, 30548, US"
133,"168 N MAIN ST SW, Milledgeville, GA, 31061, US"
134,"153 ROBERTS CIR, Homer, GA, 30547, US"
135,"241 JADE WAY, Maysville, GA, 30558, US"
136,"598 PENDERGRASS DR, Statham, GA, 30666, US"
137,"406 BUD MILES RD, Baxley, GA, 31513, US"
138,"1678 CARDINAL RD, Milledgeville, GA, 31061, US"
139,"1139 BRADFORD PARK DR, Auburn, GA, 30011, US"
140,"2768 YONAH HOMER RD, Lula, GA, 30554, US"
141,"149 ADMIRALTY WAY NW, Milledgeville, GA, 31061, US"
142,"305 FLORIDA RD, Willacoochee, GA, 31650, US"
143,"105 THOMAS DR SW, Milledgeville, GA, 31061, US"
144,"2230 FLEURIE LN, Braselton, GA, 30517, US"
145,"64 BOWEN RD, Baxley, GA, 31513, US"
146,"1990 US HIGHWAY 1 N, Alma, GA, 31510, US"
147,"120 MENDI DR NW, Milledgeville, GA, 31061, US"
148,"338 SCHOOL ST, Gillsville, GA, 30543, US"
149,"111 RUSSELL DR NW, Milledgeville, GA, 31061, US"
150,"221 DEERWOOD LN, Baxley, GA, 31513, US"
151,"187 DAM RD NE, Milledgeville, GA, 31061, US"
152,"163 SLATON RD, Gillsville, GA, 30543, US"
153,"284 DOUBLE S LN, Pearson, GA, 31642, US"
154,"166 ELK GROVE DR, Auburn, GA, 30011, US"
155,"1621 SADDLECREEK RD, Auburn, GA, 30011, US"
156,"201 DEERCREST RD, Baldwin, GA, 30511, US"
157,"1920 BRIARCLIFF RD, Milledgeville, GA, 31061, US"
158,"250 OTTIS RAY ST, Homer, GA, 30547, US"
159,"1400 S JEFFERSON ST SE, Milledgeville, GA, 31061, US"
160,"1512 DOOLEY TOWN DR, Statham, GA, 30666, US"
161,"462 MATTHEWS SCHOOL RD, Winder, GA, 30680, US"
162,"2106 N JEFFERSON ST NE, Milledgeville, GA, 31061, US"
163,"109 TRENT RIVER TRL, Alma, GA, 31510, US"
164,"1211 DALE DR, Monroe, GA, 30656, US"
165,"1220 EULA COURSON RD, Baxley, GA, 31513, US"
166,"164 MANNING GIN RD, Bethlehem, GA, 30620, US"
167,"475 BANKHEAD HWY, Winder, GA, 30680, US"
168,"246 BENNETT CIR, Gillsville, GA, 30543, US"
169,"138 GRIMES RD NE, Milledgeville, GA, 31061, US"
170,"1985 BRIARCLIFF RD, Milledgeville, GA, 31061, US"
171,"129 HAMWAY LN, Winder, GA, 30680, US"
172,"238 BAY ST, Baxley, GA, 31513, US"
173,"3187 LAKE MAYERS RD, Baxley, GA, 31513, US"
174,"13692 GA HIGHWAY 144 NE, Surrency, GA, 31563, US"
175,"173 PEBBLE HILL RD SE, Milledgeville, GA, 31061, US"
176,"1073 AUSTIN RD, Winder, GA, 30680, US"
177,"1247 CABOTS DR, Auburn, GA, 30011, US"
178,"363 CROSS CREEK CT, Auburn, GA, 30011, US"
179,"2346 SPRING BRANCH CHURCH RD, Baxley, GA, 31513, US"
180,"278 FOREST VALLEY DR, Gordon, GA, 31031, US"
181,"750 THAN SKINNER RD, Winder, GA, 30680, US"
182,"127 HOLSENBECK SCHOOL RD, Winder, GA, 30680, US"
183,"2364 ANTHONY WAY NE, Milledgeville, GA, 31061, US"
184,"657 BLAIR CT, Bethlehem, GA, 30620, US"
185,"135 CEDAR LN, Alto, GA, 30510, US"
186,"112 EMILY CIR NW, Milledgeville, GA, 31061, US"
187,"239 BANKS RIDGE DR, Baldwin, GA, 30511, US"
188,"240 E CHARLTON ST, Milledgeville, GA, 31061, US"
189,"1346 FURR LN, Statham, GA, 30666, US"
190,"695 CARSON SEGARS RD, Maysville, GA, 30558, US"
191,"135 PLANT RD, Alma, GA, 31510, US"
192,"1417 RED OAK WAY, Winder, GA, 30680, US"
193,"168 YOUNGBLOOD RD SE, Milledgeville, GA, 31061, US"
194,"156 PLEASANT HILL CHURCH RD SE, Winder, GA, 30680, US"
195,"122 ALLEN MEMORIAL DR SW, Milledgeville, GA, 31061, US"
196,"871 SCALES CREEK RD, Homer, GA, 30547, US"
197,"1875 IRWINTON RD SW, Milledgeville, GA, 31061, US"
198,"434 JF HALL RD, Gordon, GA, 31031, US"
199,"362 BLACK SPRINGS RD NE, Milledgeville, GA, 31061, US"
200,"2103 KIRKLAND DR, Statham, GA, 30666, US"
201,"104 SCENIC CT NW, Milledgeville, GA, 31061, US"
202,"101 TREEMONT WAY, Winder, GA, 30680, US"
203,"138 MEEKS RD NW, Milledgeville, GA, 31061, US"
204,"311 E 6TH ST, Alma, GA, 31510, US"
205,"149 CROWLEY LN, Alma, GA, 31510, US"
206,"418 BRIARWOOD RD, Winder, GA, 30680, US"
207,"246 CHEYENNE WAY, Auburn, GA, 30011, US"
208,"47 SAVANNAH AVE W, Willacoochee, GA, 31650, US"
209,"655 CROWE RD, Statham, GA, 30666, US"
210,"201 CHARITY RD, Homer, GA, 30547, US"
211,"7671 BUCK HEAD RD, Baxley, GA, 31513, US"
212,"465 QUAIL RIDGE CT NE, Milledgeville, GA, 31061, US"
213,"665 GARDEN CIR, Statham, GA, 30666, US"
214,"1842 DRENNON CIR, Newton, GA, 39870, US"
215,"932 PINE LEVEL CHURCH RD, Alma, GA, 31510, US"
216,"164 OLD PLANTATION TRL NW, Milledgeville, GA, 31061, US"
217,"214 PERKINS CT, Winder, GA, 30680, US"
218,"101 ROBERTA CIR, Alma, GA, 31510, US"
219,"518 BROWNS CROSSING RD NW, Milledgeville, GA, 31061, US"
220,"279 POWER POINT RD NE, Milledgeville, GA, 31061, US"
221,"1097 OLD HOG MOUNTAIN RD, Auburn, GA, 30011, US"
222,"2015 HATCH PKWY S, Baxley, GA, 31513, US"
223,"2325 HARTLEY CT, Statham, GA, 30666, US"
224,"465 CLEAR LAKE RD NW, Newton, GA, 39870, US"
225,"1909 HEARTHSTONE CT, Winder, GA, 30680, US"
226,"36 QUAIL CT, Winder, GA, 30680, US"
227,"210 HORNE AVE SE, Milledgeville, GA, 31061, US"
228,"1420 IVEYS MILL RD, Leary, GA, 39862, US"
229,"141 HARRISBURG RD SW, Milledgeville, GA, 31061, US"
230,"146 GARDINER RD, Homer, GA, 30547, US"
231,"181 WHISTLE WAY, Milledgeville, GA, 31061, US"
232,"122 TROUPE ST, Baxley, GA, 31513, US"
233,"183 GASKINS ST, Willacoochee, GA, 31650, US"
234,"360 SOUTHERN WALK DR, Milledgeville, GA, 31061, US"
235,"2027 PROVIDENCE RD, Statham, GA, 30666, US"
236,"2905 CAVERN TR, Statham, GA, 30666, US"
237,"1508 DOOLEY TOWN DR, Statham, GA, 30666, US"
238,"320 SIMEON RD, Statham, GA, 30666, US"
239,"2437 SPRING BRANCH CHURCH RD, Baxley, GA, 31513, US"
240,"100 HICKORY HILL DR SE, Milledgeville, GA, 31061, US"
241,"1553 CAIN RD, Baxley, GA, 31513, US"
242,"129 WOODLAWN DR, Auburn, GA, 30011, US"
243,"106 NEWTON DR SW, Milledgeville, GA, 31061, US"
244,"2645 BENT PINE DR, Statham, GA, 30666, US"
245,"282 GORDON HWY SW, Milledgeville, GA, 31061, US"
246,"356 GRAHAM ZOAR RD, Baxley, GA, 31513, US"
247,"64 N MCCRORIE ST, Baxley, GA, 31513, US"
248,"428 NICOLE CT, Winder, GA, 30680, US"
249,"844 JOHNNY SMITH RD, Baxley, GA, 31513, US"
250,"583 EIGHTH ST, Statham, GA, 30666, US"
251,"476 CEDAR TRL, Winder, GA, 30680, US"
252,"1251 DUNLAP RD NE, Milledgeville, GA, 31061, US"
253,"272 PIERCE RD, Winder, GA, 30680, US"
254,"455 GA HIGHWAY 22 W, Milledgeville, GA, 31061, US"
255,"25 JEFFERSON RD, Statham, GA, 30666, US"
256,"1603 SUMMIT RDG, Auburn, GA, 30011, US"
257,"1066 ARBOR LAKE WALK, Hoschton, GA, 30548, US"
258,"322 ETHERIDGE RD, Auburn, GA, 30011, US"
259,"1223 BRECKINRIDGE TRL, Winder, GA, 30680, US"
260,"114 GORDON HWY SW, Milledgeville, GA, 31061, US"
261,"2800 VINSON HWY SE, Milledgeville, GA, 31061, US"
262,"65 CHAD CLAXTON ST, Baxley, GA, 31513, US"
263,"147 PARTAIN RD, Carnesville, GA, 30521, US"
264,"760 PARK AVE, Baldwin, GA, 30511, US"
265,"110 HOLLINGSHED AVE SE, Milledgeville, GA, 31061, US"
266,"2456 BRANTLEY WAY, Milledgeville, GA, 31061, US"
267,"311 CASEYS CT, Winder, GA, 30680, US"
268,"1769 ATLANTA HWY SE, Statham, GA, 30666, US"
269,"185 HIGHVIEW RD SE, Milledgeville, GA, 31061, US"
270,"116 FREEDOM LN, Commerce, GA, 30530, US"
271,"250 GLENHAVEN DR, Milledgeville, GA, 31061, US"
272,"1553 HIGHWAY 51 S, Homer, GA, 30547, US"
273,"92 SURSSON ST, Baxley, GA, 31513, US"
274,"727 WELLS RD, Homer, GA, 30547, US"
275,"1123 DEE KENNEDY RD, Auburn, GA, 30011, US"
276,"129 PRESERVE LN, Homer, GA, 30547, US"
277,"2325 SHERRY CIR, Milledgeville, GA, 31061, US"
278,"278 FIELDVIEW DR, Auburn, GA, 30011, US"
279,"315 COTTON TAIL DR, Baldwin, GA, 30511, US"
280,"137 BILL JOHNSON RD NE, Milledgeville, GA, 31061, US"
281,"127 STEWART AVE NE, Milledgeville, GA, 31061, US"
282,"1710 BENT PINE LN, Statham, GA, 30666, US"
283,"322 AUSTIN WAY, Auburn, GA, 30011, US"
284,"1008 VININGS LN, Winder, GA, 30680, US"
285,"736 MANNING GIN RD, Monroe, GA, 30656, US"
286,"436 MARTIN LUTHER KING JR AVE, Baxley, GA, 31513, US"
287,"6 APARTMENT ST, Homer, GA, 30547, US"
288,"109 NATHANIEL DR NE, Milledgeville, GA, 31061, US"
289,"1756 STONE MEADOW RD, Milledgeville, GA, 31061, US"
290,"100 LAKECREST DR NE, Milledgeville, GA, 31061, US"
291,"2395 IRWINTON RD SW, Milledgeville, GA, 31061, US"
292,"1261 BEN MORRIS RD, Pearson, GA, 31642, US"
293,"220 FOX HILL RD SW, Milledgeville, GA, 31061, US"
294,"734 MULBERRY RD, Winder, GA, 30680, US"
295,"154 FRIENDSHIP LN, Baldwin, GA, 30511, US"
296,"1450 SAM SIMS RD, Statham, GA, 30666, US"
297,"513 DEERCREST DR, Baldwin, GA, 30511, US"
298,"197 COOPER RD, Surrency, GA, 31563, US"
299,"1191 HIGHWAY 211 NW, Winder, GA, 30680, US"
300,"2039 ROBIN CIR, Milledgeville, GA, 31061, US"
301,"697 GARRISON RD, Lula, GA, 30554, US"
302,"211 JAMES KENT RD, Baxley, GA, 31513, US"
303,"138 ENGLISH RD, Homer, GA, 30547, US"
304,"332 E COKER RD, Homer, GA, 30547, US"
305,"463 PURCELL RD, Homer, GA, 30547, US"
306,"997 RAINWATER RD, Surrency, GA, 31563, US"
307,"149 ANDREWS RD, Baldwin, GA, 30511, US"
308,"106 SPORTSMAN TER NE, Milledgeville, GA, 31061, US"
309,"1722 COLUMBINE RD, Milledgeville, GA, 31061, US"
310,"342 LOG CABIN RD NE, Milledgeville, GA, 31061, US"
311,"152 KING AVE, Bethlehem, GA, 30620, US"
312,"300 HORSESHOE BND, Statham, GA, 30666, US"
313,"444 IDELL ST, Baxley, GA, 31513, US"
314,"249 E ALLEN ST, Baxley, GA, 31513, US"
315,"33 CAROLYN ST, Auburn, GA, 30011, US"
316,"198 PEARL DR NE, Milledgeville, GA, 31061, US"
317,"1516 CRONIC TOWN RD, Auburn, GA, 30011, US"
318,"101 TIMBER RIDGE LN, Alto, GA, 30510, US"
319,"1528 GROVE LEVEL RD, Maysville, GA, 30558, US"
320,"963 DEE KENNEDY RD, Auburn, GA, 30011, US"
321,"1047 CRESTVIEW CT, Winder, GA, 30680, US"
322,"1105 S WARREN ST, Milledgeville, GA, 31061, US"
323,"607 SKYLAND CT, Winder, GA, 30680, US"
324,"364 COUNTY LINE CHURCH RD SW, Milledgeville, GA, 31061, US"
325,"549 NEAL RD, Commerce, GA, 30530, US"
326,"550 NELSON RD NW, Milledgeville, GA, 31061, US"
327,"134 LEACHMAN RD, Commerce, GA, 30530, US"
328,"143 LAKE LAUREL RD NE, Milledgeville, GA, 31061, US"
329,"1820 ALISE LN, Newton, GA, 39870, US"
330,"373 PEBBLERIDGE RD, Milledgeville, GA, 31061, US"
331,"928 OLD THOMPSON MILL RD, Winder, GA, 30680, US"
332,"572 CARLAN RD, Commerce, GA, 30530, US"
333,"101 GOVERNMENT DR, Alto, GA, 30510, US"
334,"185 MOORE ST SE, Milledgeville, GA, 31061, US"
335,"445 NATHAN LN, Baxley, GA, 31513, US"
336,"301 S BAKER ST, Alma, GA, 31510, US"
337,"740 BETHEL RD, Surrency, GA, 31563, US"
338,"115 RED BLUFF TRL, Axson, GA, 31624, US"
339,"1942 W 4TH STREET EXT, Alma, GA, 31510, US"
340,"342 LOG CABIN RD NE, Milledgeville, GA, 31061, US"
341,"395 FORT LAMAR RD, Commerce, GA, 30530, US"
342,"122 STATE DAIRY RD NW, Milledgeville, GA, 31061, US"
343,"334 MOUNT PLEASANT CHURCH RD, Gordon, GA, 31031, US"
344,"655 ELLIS RD, Baxley, GA, 31513, US"
345,"631 W FRANKLIN ST, Milledgeville, GA, 31061, US"
346,"2416 HWY 441 N, Pearson, GA, 31642, US"
347,"311 JONAQUIL AVE, Auburn, GA, 30011, US"
348,"313 OTIS BROWN LN, Baldwin, GA, 30511, US"
349,"302 SCOTT ALEX CIR, Auburn, GA, 30011, US"
350,"1264 WELLS RD, Carnesville, GA, 30521, US"
351,"171 ERNIE WAY, Statham, GA, 30666, US"
352,"110 RIDGEWAY DR, Maysville, GA, 30558, US"
353,"4009 JEFFERY WAY NE, Milledgeville, GA, 31061, US"
354,"101 MOORE ST SE, Milledgeville, GA, 31061, US"
355,"1406 ERICA'S POINTE DR, Winder, GA, 30680, US"
356,"2722 PATMOS RD, Leary, GA, 39862, US"
357,"111 ARLINGTON CT, Milledgeville, GA, 31061, US"
358,"791 MOON BRIDGE RD, Winder, GA, 30680, US"
359,"529 MULBERRY RD, Winder, GA, 30680, US"
360,"1137 KAILIE DR, Winder, GA, 30680, US"
361,"655 BEACH RD, Baxley, GA, 31513, US"
362,"200 HARRY ST, Baxley, GA, 31513, US"
363,"1949 HATCH PKWY S, Baxley, GA, 31513, US"
364,"1037 BOWMAN WAY, Winder, GA, 30680, US"
365,"215 E 8TH ST, Alma, GA, 31510, US"
366,"126 HARDWICK ST, Milledgeville, GA, 31061, US"
367,"107 PINE CONE RD NW, Milledgeville, GA, 31061, US"
368,"163 HILLCREST LN, Lula, GA, 30554, US"
369,"1000 HIGHWAY 211 NW, Winder, GA, 30680, US"
370,"402 BROWN BRIDGE RD, Commerce, GA, 30530, US"
371,"400 TOWNSEND LN, Alma, GA, 31510, US"
372,"109 CLASSIC OVERLOOK, Homer, GA, 30547, US"
373,"2635 BENT PINE DR, Statham, GA, 30666, US"
374,"348 JOE SMITH RD, Baxley, GA, 31513, US"
375,"1460 CRONIC TOWN RD, Auburn, GA, 30011, US"
376,"138 SUGARBERRY DR NE, Milledgeville, GA, 31061, US"
377,"1900 N JEFFERSON ST NE, Milledgeville, GA, 31061, US"
378,"1669 BISMARCK CIR, Winder, GA, 30680, US"
379,"291 HORACE VEAL RD NW, Milledgeville, GA, 31061, US"
380,"311 TALLASSEE LN, Statham, GA, 30666, US"
381,"517 S WARREN ST, Milledgeville, GA, 31061, US"
382,"1251 DALE DR, Monroe, GA, 30656, US"
383,"1836 MADRID FALLS RD, Braselton, GA, 30517, US"
384,"759 WILL MAYNARD RD, Winder, GA, 30680, US"
385,"1321 WINDSTONE CT, Winder, GA, 30680, US"
386,"120 SPORTSMAN TRL NE, Milledgeville, GA, 31061, US"
387,"1165 BOSS HARDY RD, Auburn, GA, 30011, US"
388,"231 LUCAS WAY, Statham, GA, 30666, US"
389,"865 IDEAL PL, Winder, GA, 30680, US"
390,"316 HEATH ST, Baxley, GA, 31513, US"
391,"218 GA HIGHWAY 49 W, Milledgeville, GA, 31061, US"
392,"110 IVORY DR, Baldwin, GA, 30511, US"
393,"1177 BETHLEHEM RD, Statham, GA, 30666, US"
394,"204 AMBER WAY, Winder, GA, 30680, US"
395,"498 BEAVER RD, Baxley, GA, 31513, US"
396,"1201 LOOWIT FALLS CT, Braselton, GA, 30517, US"
397,"227 COLLINS RD NW, Milledgeville, GA, 31061, US"
398,"68 FOUNDRY ST, Baxley, GA, 31513, US"
399,"440 SUNSET DR, Statham, GA, 30666, US"
400,"1009 DEE KENNEDY RD, Auburn, GA, 30011, US"
401,"167 WATERFORD GLEN DR, Lula, GA, 30554, US"
402,"122 RAILROAD ST SW, Milledgeville, GA, 31061, US"
403,"274 EDWARD AVE, Pearson, GA, 31642, US"
404,"337 DOLES BLVD, Milledgeville, GA, 31061, US"
405,"104 ALLENWOOD RD SW, Milledgeville, GA, 31061, US"
406,"2432 HOLLY DR, Milledgeville, GA, 31061, US"
407,"140 BRANDON ST, Baxley, GA, 31513, US"
408,"2905 CAVERN TR, Statham, GA, 30666, US"
409,"1357 HIGHWAY 164, Commerce, GA, 30529, US"
410,"3736 CENTER CIR CIR, Newton, GA, 39870, US"
411,"1522 FORT LAMAR RD, Commerce, GA, 30530, US"
412,"122 TWIN LAKES RD SE, Milledgeville, GA, 31061, US"
413,"210 CHURCH ST, Maysville, GA, 30558, US"
414,"305 W LAKEVIEW DR NE, Milledgeville, GA, 31061, US"
415,"136 ELK GROVE DR, Auburn, GA, 30011, US"
416,"1341 SMOKERISE LN, Auburn, GA, 30011, US"
417,"278 ALVIN OGDEN DR, Baxley, GA, 31513, US"
418,"127 LINGOLD RD NW, Milledgeville, GA, 31061, US"
419,"5943 BOONE RD, Pearson, GA, 31642, US"
420,"134 EMORY LN, Alma, GA, 31510, US"
421,"201 MAGNOLIA CIR SE, Milledgeville, GA, 31061, US"
422,"6589 OLD HIGHWAY 441 N, Baldwin, GA, 30511, US"
423,"1867 FOREST CT, Statham, GA, 30666, US"
424,"148 REGENCY DR, Bethlehem, GA, 30620, US"
425,"291 STEMBRIDGE RD SE, Milledgeville, GA, 31061, US"
426,"817 KENWOOD LN, Winder, GA, 30680, US"
427,"358 N MAIN ST, Newton, GA, 39870, US"
428,"1023 GA HIGHWAY 49 W, Haddock, GA, 31033, US"
429,"829 RUSWOOD RD, Winder, GA, 30680, US"
430,"109 MISS TILLIE LN, Pearson, GA, 31642, US"
431,"827 ODE PEPPERS RD, Winder, GA, 30680, US"
432,"189 CARTER RD, Auburn, GA, 30011, US"
433,"1820 HIGHWAY 211 NE, Winder, GA, 30680, US"
434,"147 LOWTHER ST, Willacoochee, GA, 31650, US"
435,"1494 BUCKEYE TER, Auburn, GA, 30011, US"
436,"923 WEATHERMORE TRCE, Hoschton, GA, 30548, US"
437,"934 ATLANTA HWY, Auburn, GA, 30011, US"
438,"406 E 10TH ST, Alma, GA, 31510, US"
439,"2215 FLEURIE LN, Braselton, GA, 30517, US"
440,"202 PRIVATE DR, Lula, GA, 30554, US"
441,"316 CARTER RD, Auburn, GA, 30011, US"
442,"1307 SMOKERISE LN, Auburn, GA, 30011, US"
443,"381 COLONY FARM RD SW, Milledgeville, GA, 31061, US"
444,"343 TIMBERRIDGE LN, Auburn, GA, 30011, US"
445,"1601 RIVER TRCE, Auburn, GA, 30011, US"
446,"1245 OAK SPRINGS WAY, Statham, GA, 30666, US"
447,"260 TURNBERRY LN, Winder, GA, 30680, US"
448,"954 MALLARD RD, Alma, GA, 31510, US"
449,"1160 LANGDON PARK CIR, Winder, GA, 30680, US"
450,"530 WALTON DR, Bethlehem, GA, 30620, US"
451,"1117 YEARWOOD RD, Bethlehem, GA, 30620, US"
452,"910 CHATEAU FOREST RD, Hoschton, GA, 30548, US"
453,"668 HIGHWAY 323, Maysville, GA, 30558, US"
454,"163 PEACH AVE, Pearson, GA, 31642, US"
455,"1169 EMPEROR LN, Hoschton, GA, 30548, US"
456,"1171 ERVIN CHAMBERS RD, Maysville, GA, 30558, US"
457,"95 DILLINGHAM LN, Willacoochee, GA, 31650, US"
458,"255 HIGHWAY 184 E, Toccoa, GA, 30577, US"
459,"520 GA HIGHWAY 212 NW, Milledgeville, GA, 31061, US"
460,"171 BILL JOHNSON RD NE, Milledgeville, GA, 31061, US"
461,"2047 N JEFFERSON ST NE, Milledgeville, GA, 31061, US"
462,"1903 HENDERSON FALLS WAY, Braselton, GA, 30517, US"
463,"1445 IRWINTON RD SW, Milledgeville, GA, 31061, US"
464,"166 JOHNS BLF, Auburn, GA, 30011, US"
465,"159 JOHNS BLF, Auburn, GA, 30011, US"
466,"170 LEGACY WAY, Milledgeville, GA, 31061, US"
467,"201 STALEY AVE SE, Milledgeville, GA, 31061, US"
468,"202 MERRY DR NW, Milledgeville, GA, 31061, US"
469,"1430 WYNTERCREEK DR, Hoschton, GA, 30548, US"
470,"533 HARMONY CHURCH RD, Sandersville, GA, 31082, US"
471,"1685 ATLANTA HWY SE, Statham, GA, 30666, US"
472,"331 N WAYNE ST, Milledgeville, GA, 31061, US"
473,"1545 BEN CARTER RD, Baxley, GA, 31513, US"
474,"132 S MAIN ST, Milledgeville, GA, 31061, US"
475,"807 DOSTER CIR, Winder, GA, 30680, US"
476,"5257 YONAH HOMER RD, Alto, GA, 30510, US"
477,"1950 HIGHWAY 211 NE, Statham, GA, 30666, US"
478,"88 HIGHLAND DR, Baxley, GA, 31513, US"
479,"508 HEMLOCK DR, Winder, GA, 30680, US"
480,"313 TIMBERRIDGE LN, Auburn, GA, 30011, US"
481,"575 SWEETGUM LN, Baxley, GA, 31513, US"
482,"298 GERALD SMITH RD, Baxley, GA, 31513, US"
483,"3042 EDGEWOOD DR NE, Milledgeville, GA, 31061, US"
484,"94 HEATH ST, Baxley, GA, 31513, US"
485,"114 TURKEY RUN NE, Milledgeville, GA, 31061, US"
486,"207 LAKESHORE CIR NE, Milledgeville, GA, 31061, US"
487,"574 MOUNT BETHEL RD, Commerce, GA, 30530, US"
488,"510 POPE DR, Alma, GA, 31510, US"
489,"630 W MCINTOSH ST, Milledgeville, GA, 31061, US"
490,"1700 JEREMY DR, Monroe, GA, 30656, US"
491,"3047 EDGEWOOD DR NE, Milledgeville, GA, 31061, US"
492,"1113 KAILIE DR, Winder, GA, 30680, US"
493,"461 GROVE LEVEL RD, Commerce, GA, 30529, US"
494,"120 ROSCOE RD, Pearson, GA, 31642, US"
495,"190 ARNOLD RD SE, Statham, GA, 30666, US"
496,"5527 OLD HIGHWAY 441 N, Baldwin, GA, 30511, US"
497,"3530 HWY 64 W, Lakeland, GA, 31635, US"
498,"3686 SUSSEX DR NE, Milledgeville, GA, 31061, US"
499,"189 CROOKED PINE TRL, Baldwin, GA, 30511, US"
500,"251 S IRWIN ST, Milledgeville, GA, 31061, US"
501,"253 WILLIAMS DR, Baxley, GA, 31513, US"
502,"119 BUTLER RD SE, Milledgeville, GA, 31061, US"
503,"218 GA HIGHWAY 49 W, Milledgeville, GA, 31061, US"
504,"239 JESSIE SCOTT RD SE, Milledgeville, GA, 31061, US"
505,"371 E COKER RD, Homer, GA, 30547, US"
506,"1814 SAMPLES SCALES RD, Homer, GA, 30547, US"
507,"227 BULLDOG RD, Mershon, GA, 31551, US"
508,"2516 MARIXA DR, Statham, GA, 30666, US"
509,"374 CROSS CREEK CT, Auburn, GA, 30011, US"
510,"62 GUSSIE WALL RD, Willacoochee, GA, 31650, US"
511,"261 LONGFORD CT, Auburn, GA, 30011, US"
512,"1259 YEARWOOD RD, Bethlehem, GA, 30620, US"
513,"497 BUFKIN RD, Baxley, GA, 31513, US"
514,"2834 SHADOWSTONE WAY, Winder, GA, 30680, US"
515,"524 OIL WELL RD, Baxley, GA, 31513, US"
516,"270 HUDSON RIVER DR, Commerce, GA, 30530, US"
517,"117 LAKE DR SW, Milledgeville, GA, 31061, US"
518,"933 MULBERRY CIR, Winder, GA, 30680, US"
519,"907 CRUCE LAKE DR, Hoschton, GA, 30548, US"
520,"141 SHANA DR SW, Milledgeville, GA, 31061, US"
521,"350 BROWN BRIDGE RD, Auburn, GA, 30011, US"
522,"145 PA JOHNS RD NE, Milledgeville, GA, 31061, US"
523,"1072 JIM JOHNSON RD, Winder, GA, 30680, US"
524,"590 MILTON MILLER RD, Colquitt, GA, 39837, US"
525,"1497 HIGHWAY 441, Baldwin, GA, 30511, US"
526,"1958 GRAND VIEW WAY, Statham, GA, 30666, US"
527,"245 LITTLE RD NW, Milledgeville, GA, 31061, US"
528,"91 JANIS ST, Baxley, GA, 31513, US"
529,"304 CROSSWALK DR, Auburn, GA, 30011, US"
530,"158 OLD ALMA WAYCROSS HWY, Nicholls, GA, 31554, US"
531,"389 EAGLES RST NE, Milledgeville, GA, 31061, US"
532,"890 SATILLA CHURCH RD, Baxley, GA, 31513, US"
533,"501 VINEMONT WAY, Auburn, GA, 30011, US"
534,"445 CLINE AVE, Milledgeville, GA, 31061, US"
535,"5294 GA HIGHWAY 144, Baxley, GA, 31513, US"
536,"1190 ORCHARD HILL RD, Milledgeville, GA, 31061, US"
537,"3860 POOR ROBIN RD, Baxley, GA, 31513, US"
538,"195 MAPLE LN, Baxley, GA, 31513, US"
539,"340 LINDEN CT, Milledgeville, GA, 31061, US"
540,"773 APPIAN WAY, Statham, GA, 30666, US"
541,"45 PAULK ST, Pearson, GA, 31642, US"
542,"298 W BROAD AVE, Newton, GA, 39870, US"
543,"250 LAKESHORE DR, Milledgeville, GA, 31061, US"
544,"1030 BUD GUTHRIE RD, Willacoochee, GA, 31650, US"
545,"34 HOMER ST, Maysville, GA, 30558, US"
546,"188 DUNCAN CEMETERY LN, Pearson, GA, 31642, US"
547,"190 EDWARD AVE, Pearson, GA, 31642, US"
548,"114 HERITAGE HILL RD, Willacoochee, GA, 31650, US"
549,"175 LAVERNE CIR SW, Milledgeville, GA, 31061, US"
550,"449 EVANS ST, Homer, GA, 30547, US"
551,"212 SINCLAIR MARINA RD NE, Milledgeville, GA, 31061, US"
552,"2569 OLNEY FALLS DR, Braselton, GA, 30517, US"
553,"371 PETTIGREW RD NW, Milledgeville, GA, 31061, US"
554,"137 CARAWAY RD, Alma, GA, 31510, US"
555,"217 E 5TH ST, Alma, GA, 31510, US"
556,"526 MOCCASIN GAP RD, Lula, GA, 30554, US"
557,"2152 APPLE PIE RIDGE RD, Alto, GA, 30510, US"
558,"292 CLOVER DR, Auburn, GA, 30011, US"
559,"2317 RADIO STATION RD, Alma, GA, 31510, US"
560,"308 JACOBS LN, Statham, GA, 30666, US"
561,"124 ROCKY CREEK CT NE, Milledgeville, GA, 31061, US"
562,"1579 WYNFIELD DR, Auburn, GA, 30011, US"
563,"483 GIN MILL DR, Monroe, GA, 30656, US"
564,"123 CAMBRIDGE DR N, Milledgeville, GA, 31061, US"
565,"826 GRANT MILL RD, Alto, GA, 30510, US"
566,"20335 BLACKSHEAR HWY, Bristol, GA, 31518, US"
567,"2075 IRWINTON RD SW, Milledgeville, GA, 31061, US"
568,"127 HIGHLAND CLOSE LN, Lula, GA, 30554, US"
569,"133 PLANTATION RD, Winder, GA, 30680, US"
570,"232 SCHOOL ST, Gillsville, GA, 30543, US"
571,"4590 HIGHWAY 63, Carnesville, GA, 30521, US"
572,"391 MILES RD, Baxley, GA, 31513, US"
573,"459 HIGHWAY 184 E, Toccoa, GA, 30577, US"
574,"960 HOLLAND RD EXT, Baxley, GA, 31513, US"
575,"122 OGLETHORPE AVE SW, Milledgeville, GA, 31061, US"
576,"134 OAK CLIFF ST, Baxley, GA, 31513, US"
577,"72 PARKS MILL RD, Auburn, GA, 30011, US"
578,"99 TWINS LAKE DR, Baxley, GA, 31513, US"
579,"3873 PHILLIPSBURG RD, Damascus, GA, 39841, US"
580,"87 OLD MILL CT, Milledgeville, GA, 31061, US"
581,"41 POOLE CIR, Auburn, GA, 30011, US"
582,"4693 CLEAR LAKE RD, Newton, GA, 39870, US"
583,"1696 VALLEY RD, Milledgeville, GA, 31061, US"
584,"83 HILLTOP CIR, Auburn, GA, 30011, US"
585,"29 SANDERS DR, Baxley, GA, 31513, US"
586,"1295 GA HIGHWAY 203 S, Alma, GA, 31510, US"
587,"824 THAN SKINNER RD, Winder, GA, 30680, US"
588,"635 WELLINGTON DR, Winder, GA, 30680, US"
589,"155 PERKINS CT, Winder, GA, 30680, US"
590,"1174 PINEBROOK RD, Auburn, GA, 30011, US"
591,"158 CHARITY DR, Homer, GA, 30547, US"
592,"150 BUCKEYE TRAILS DR, Commerce, GA, 30530, US"
593,"241 S IRWIN ST, Milledgeville, GA, 31061, US"
594,"117 RIDGEWAY TER, Maysville, GA, 30558, US"
595,"388 AVERY STORE RD NW, Milledgeville, GA, 31061, US"
596,"103 NEW HOPE CHURCH RD, Alma, GA, 31510, US"
597,"409 E 10TH ST, Alma, GA, 31510, US"
598,"1223 SAINT ANDREWS DR, Auburn, GA, 30011, US"
599,"1441 ELLIOTTS LN, Auburn, GA, 30011, US"
600,"141 ELBERT CIR, Axson, GA, 31624, US"
601,"73 N HOLTON ST, Baxley, GA, 31513, US"
602,"106 COBB RD SW, Milledgeville, GA, 31061, US"
603,"184 PIERCE RD, Winder, GA, 30680, US"
604,"125 GERRELL DR SW, Milledgeville, GA, 31061, US"
605,"866 LAUREL LN, Winder, GA, 30680, US"
606,"310 STERLING RD NE, Milledgeville, GA, 31061, US"
607,"147 FLOAT LN, Alma, GA, 31510, US"
608,"131 COOMBS AVE SE, Milledgeville, GA, 31061, US"
609,"954 WRIGHT DR, Baxley, GA, 31513, US"
610,"311 S CLARKE ST, Milledgeville, GA, 31061, US"
611,"913 LORD RD, Commerce, GA, 30530, US"
612,"417 HENDERSON RD, Gillsville, GA, 30543, US"
613,"1036 BOWMAN WAY, Winder, GA, 30680, US"
614,"72 TUPELO CIR, Baxley, GA, 31513, US"
615,"1501 CARL BETHLEHEM RD, Auburn, GA, 30011, US"
616,"118 ANNETTE WAY NE, Milledgeville, GA, 31061, US"
617,"1633 BUTTERFLY LN, Statham, GA, 30666, US"
618,"121 NORTHWOOD DR, Baxley, GA, 31513, US"
619,"451 BALDWIN AVE, Milledgeville, GA, 31061, US"
620,"140 WILDWOOD LN NE, Milledgeville, GA, 31061, US"
621,"181 NORTHWOOD DR, Baxley, GA, 31513, US"
622,"338 OLD MONTICELLO RD NW, Milledgeville, GA, 31061, US"
623,"303 SINCLAIR MARINA RD NE, Milledgeville, GA, 31061, US"
624,"205 REGISTER RD, Gordon, GA, 31031, US"
625,"192 BLACK CREEK RD, Gordon, GA, 31031, US"
626,"4573 BEN CARTER RD, Baxley, GA, 31513, US"
627,"900 MARTIN LUTHER KING JR AVE, Baxley, GA, 31513, US"
628,"1940 KAREN CIR, Milledgeville, GA, 31061, US"
629,"7141 W COUNTY LINE RD, Lula, GA, 30554, US"
630,"429 FOXDALE RD, Winder, GA, 30680, US"
631,"707 THAN SKINNER RD, Winder, GA, 30680, US"
632,"589 HIGHWAY 51 S, Homer, GA, 30547, US"
633,"1177 VINTAGE WAY, Hoschton, GA, 30548, US"
634,"452 SPARTA HWY NE, Milledgeville, GA, 31061, US"
635,"462 MCCARTY RD, Statham, GA, 30666, US"
636,"582 PENDERGRASS DR, Statham, GA, 30666, US"
637,"381 JONES RD, Statham, GA, 30666, US"
638,"169 CARL BETHLEHEM RD SW, Bethlehem, GA, 30620, US"
639,"1233 WILLOW DR, Auburn, GA, 30011, US"
640,"1685 ATLANTA HWY SE, Statham, GA, 30666, US"
641,"1039 HICKORY FLAT RD, Gillsville, GA, 30543, US"
642,"716 BISHOP WOODS RD, Bethlehem, GA, 30620, US"
643,"1025 SARATOGA CT, Braselton, GA, 30517, US"
644,"1311 RIDGEVIEW RD, Auburn, GA, 30011, US"
645,"1826 JEKYLL RD, Baxley, GA, 31513, US"
646,"534 MOUNTAIN CREEK DR, Maysville, GA, 30558, US"
647,"596 N MANGUM BRIDGE RD, Maysville, GA, 30558, US"
648,"142 FRAZIER DR SE, Milledgeville, GA, 31061, US"
649,"324 ALLEN MEMORIAL DR SW, Milledgeville, GA, 31061, US"
650,"174 FREEDOM LN, Commerce, GA, 30530, US"
651,"604 HUNTINGTON TRCE, Winder, GA, 30680, US"
652,"593 PANCRAS RD SW, Milledgeville, GA, 31061, US"
653,"2183 JACKSON DR, Statham, GA, 30666, US"
654,"242 CHEYENNE WAY, Auburn, GA, 30011, US"
655,"355 CLEAR LAKE RD NW, Newton, GA, 39870, US"
656,"2916 CARSON SEGARS RD, Gillsville, GA, 30543, US"
657,"950 OLD DIXIE SCHOOL RD, Alma, GA, 31510, US"
658,"169 SPARTA HWY NE, Milledgeville, GA, 31061, US"
659,"207 PAL BENNETT LN, Pearson, GA, 31642, US"
660,"1230 CABOTS DR, Auburn, GA, 30011, US"
661,"226 AUSTIN AVE EXT, Pearson, GA, 31642, US"
662,"319 KERDZEN WAY, Maysville, GA, 30558, US"
663,"1875 HOLLY HILL RD, Milledgeville, GA, 31061, US"
664,"1320 WINDSTONE CT, Winder, GA, 30680, US"
665,"331 W BROAD AVE, Newton, GA, 39870, US"
666,"40 ARNOLD RD SE, Statham, GA, 30666, US"
667,"27 MARSHALL AVE W, Willacoochee, GA, 31650, US"
668,"2238 QUEENS CT, Milledgeville, GA, 31061, US"
669,"16 EVERGREEN RIDGE CT, Statham, GA, 30666, US"
670,"511 GORDON HWY, Gordon, GA, 31031, US"
671,"185 STEWART DR NW, Milledgeville, GA, 31061, US"
672,"397 BAREFOOT RD, Lula, GA, 30554, US"
673,"135 DONNIE LN, Baxley, GA, 31513, US"
674,"1327 CREEKVIEW DR, Auburn, GA, 30011, US"
675,"190 GORDON AVE, Pearson, GA, 31642, US"
676,"118 OLD STAGE DR SW, Milledgeville, GA, 31061, US"
677,"209 FISHER CT, Winder, GA, 30680, US"
678,"1175 VINTAGE WAY, Hoschton, GA, 30548, US"
679,"344 HARRISBURG RD SW, Milledgeville, GA, 31061, US"
680,"660 HUNTINGTON TRCE, Winder, GA, 30680, US"
681,"1017 ANDOVER DR, Hoschton, GA, 30548, US"
682,"553 ROCK SPRINGS RD, Lula, GA, 30554, US"
683,"130 TARA PL, Milledgeville, GA, 31061, US"
684,"429 WRIGHTS MILL RD, Commerce, GA, 30530, US"
685,"1603 WHITE OAK DR, Winder, GA, 30680, US"
686,"882 BLACKSHEAR HWY, Baxley, GA, 31513, US"
687,"721 YONAH HOMER RD, Homer, GA, 30547, US"
688,"109 OGDEN TER SE, Milledgeville, GA, 31061, US"
689,"60 PLEASANT HILL CHURCH RD, Baxley, GA, 31513, US"
690,"353 ARDELL CT, Auburn, GA, 30011, US"
691,"175 PLEASANT HILL CHURCH RD SE, Winder, GA, 30680, US"
692,"132 JARRARD LN, Alma, GA, 31510, US"
693,"1323 4TH AVE, Auburn, GA, 30011, US"
694,"218 E 5TH ST, Alma, GA, 31510, US"
695,"21 JEFFERSON RD, Statham, GA, 30666, US"
696,"247 APPALACHEE CHURCH RD, Auburn, GA, 30011, US"
697,"1531 IVEYS MILL RD, Leary, GA, 39862, US"
698,"440 GARRISON RD, Lula, GA, 30554, US"
699,"812 MANNING GIN RD, Monroe, GA, 30656, US"
700,"182 ALLEN MEMORIAL DR SW, Milledgeville, GA, 31061, US"
701,"349 FAIRVIEW CT, Winder, GA, 30680, US"
702,"128 MERRY CT NW, Milledgeville, GA, 31061, US"
703,"1237 BETHLEHEM CHURCH RD, Bethlehem, GA, 30620, US"
704,"452 REBA CT, Winder, GA, 30680, US"
705,"319 OAK RDG, Auburn, GA, 30011, US"
706,"428 BENNETT STILL HWY, Alma, GA, 31510, US"
707,"147 PARKS MILL RD, Auburn, GA, 30011, US"
708,"845 COMMONS PARK, Statham, GA, 30666, US"
709,"170 PRIVATE DR, Lula, GA, 30554, US"
710,"339 OXFORD WAY, Winder, GA, 30680, US"
711,"4330 DAMASCUS RD, Baldwin, GA, 30511, US"
712,"2561 IRWINTON RD SW, Milledgeville, GA, 31061, US"
713,"412 MAE LN, Baxley, GA, 31513, US"
714,"168 ENNIS RD SE, Milledgeville, GA, 31061, US"
715,"812 ODE PEPPERS RD, Winder, GA, 30680, US"
716,"441 E MCINTOSH ST, Milledgeville, GA, 31061, US"
717,"138 BUCKEYE TRAILS DR, Commerce, GA, 30530, US"
718,"8048 TEN MILE RD, Baxley, GA, 31513, US"
719,"1190 LACKEY RD, Winder, GA, 30680, US"
720,"302 E 7TH ST, Alma, GA, 31510, US"
721,"490 BORDERS RD, Commerce, GA, 30530, US"
722,"1956 HIGHWAY 211 NE, Statham, GA, 30666, US"
723,"2504 OLNEY FALLS DR, Braselton, GA, 30517, US"
724,"605 STEWART DR, Alma, GA, 31510, US"
725,"31 CEMETERY LN, Axson, GA, 31624, US"
726,"208 CRAWFORD RD SE, Milledgeville, GA, 31061, US"
727,"1450 SOLOMON DR, Winder, GA, 30680, US"
728,"119 BAYWOOD DR SW, Milledgeville, GA, 31061, US"
729,"963 VERA CT, Winder, GA, 30680, US"
730,"152 HARTWICK DR, Alto, GA, 30510, US"
731,"595 E CAMDEN ST, Milledgeville, GA, 31061, US"
732,"298 GA HIGHWAY 24 E, Milledgeville, GA, 31061, US"
733,"1650 RIVER GLEN RD, Auburn, GA, 30011, US"
734,"36 BYRON ST, Pearson, GA, 31642, US"
735,"1500 PETREE CT, Monroe, GA, 30656, US"
736,"459 WATER ST NE, Newton, GA, 39870, US"
737,"169 WATERMELON WAY, Alma, GA, 31510, US"
738,"375 OLD BLACKSHEAR RD, Baxley, GA, 31513, US"
739,"8609 NAILS FERRY RD, Baxley, GA, 31513, US"
740,"2522 BEAR CREEK RD, Statham, GA, 30666, US"
741,"1609 AMALIE DR, Statham, GA, 30666, US"
742,"462 MERIWETHER RD NW, Milledgeville, GA, 31061, US"
743,"857 GOVERNORS LN, Winder, GA, 30680, US"
744,"101 SON CARTER RD, Baxley, GA, 31513, US"
745,"1691 CARDINAL RD, Milledgeville, GA, 31061, US"
746,"379 N CHAD LAKE RD, Alma, GA, 31510, US"
747,"389 SCENIC LN, Auburn, GA, 30011, US"
748,"3598 OLD HIGHWAY 441 N, Alto, GA, 30510, US"
749,"204 MOUNT MORIAH RD, Auburn, GA, 30011, US"
750,"231 NATHAN LN, Baxley, GA, 31513, US"
751,"2249 VINSON HWY SE, Milledgeville, GA, 31061, US"
752,"88 HIGHLAND DR, Baxley, GA, 31513, US"
753,"2546 MARIXA DR, Statham, GA, 30666, US"
754,"322 OAKWAY LN, Axson, GA, 31624, US"
755,"745 SARA HUNTER LN NW, Milledgeville, GA, 31061, US"
756,"141 W BALDWIN ST, Milledgeville, GA, 31061, US"
757,"103 SHILOH AVE SW, Milledgeville, GA, 31061, US"
758,"369 GLENMOOR PL, Winder, GA, 30680, US"
759,"297 KING ST N, Pearson, GA, 31642, US"
760,"1372 PATHFINDER PL, Hoschton, GA, 30548, US"
761,"1214 OCONEE ST, Milledgeville, GA, 31061, US"
762,"114 LAKESHORE CIR NE, Milledgeville, GA, 31061, US"
763,"419 GA HIGHWAY 22 W, Milledgeville, GA, 31061, US"
764,"202 CANYON CT, Winder, GA, 30680, US"
765,"197 DEL RAY DR, Maysville, GA, 30558, US"
766,"711 W THOMAS ST, Milledgeville, GA, 31061, US"
767,"1020 N LIBERTY ST, Milledgeville, GA, 31061, US"
768,"124 DAVIS LANDING RD, Baxley, GA, 31513, US"
769,"297 N CHAD LAKE RD, Alma, GA, 31510, US"
770,"524 GA HIGHWAY 24 E, Milledgeville, GA, 31061, US"
771,"155 SULLIVAN DR, Homer, GA, 30547, US"
772,"246 CHEYENNE WAY, Auburn, GA, 30011, US"
773,"1219 ORA LEE LN, Winder, GA, 30680, US"
774,"4525 LEGACY CT, Hoschton, GA, 30548, US"
775,"1131 BEAVER DAM RD, Hoschton, GA, 30548, US"
776,"774 COLEEN DR, Winder, GA, 30680, US"
777,"218 JIMMY JUNCTION LN, Pearson, GA, 31642, US"
778,"89 PETERSON ST S, Willacoochee, GA, 31650, US"
779,"1231 DUNLAP RD NE, Milledgeville, GA, 31061, US"
780,"1402 WELBORN RD, Gillsville, GA, 30543, US"
781,"389 SCENIC LN, Auburn, GA, 30011, US"
782,"146 ELK GROVE DR, Auburn, GA, 30011, US"
783,"726 COUNTYLINE AUBURN RD, Winder, GA, 30680, US"
784,"1626 HIGHWAY 164, Commerce, GA, 30529, US"
785,"411 ELLERBE DR, Statham, GA, 30666, US"
786,"1070 ARBOR LAKE WALK, Hoschton, GA, 30548, US"
787,"1912 KAREN CIR, Milledgeville, GA, 31061, US"
788,"374 HICKORY FLAT RD, Gillsville, GA, 30543, US"
789,"421 TURTLE SHOALS RD NE, Milledgeville, GA, 31061, US"
790,"131 N ELBERT ST, Milledgeville, GA, 31061, US"
791,"234 LAKECREST DR NE, Milledgeville, GA, 31061, US"
792,"179 HAMMERS GLEN DR, Homer, GA, 30547, US"
793,"472 CRAIG RD, Commerce, GA, 30530, US"
794,"457 NIGHTDREAM LN, Winder, GA, 30680, US"
795,"1203 SUMMER LN, Auburn, GA, 30011, US"
796,"261 WRIGHTS MILL RD, Commerce, GA, 30530, US"
797,"239 PETTIGREW RD NW, Milledgeville, GA, 31061, US"
798,"369 JONES RD, Statham, GA, 30666, US"
799,"110 OAK AVE, Milledgeville, GA, 31061, US"
800,"1460 JOHN MORRIS RD, Maysville, GA, 30558, US"
801,"184 KENAN DR NW, Milledgeville, GA, 31061, US"
802,"1272 HARMONY GROVE CHURCH RD, Auburn, GA, 30011, US"
803,"1001 ROLLING RIDGE LN, Auburn, GA, 30011, US"
804,"1025 DUNCAN BRIDGE RD, Millwood, GA, 31552, US"
805,"1229 DALE DR, Monroe, GA, 30656, US"
806,"830 OAKHAVEN ST, Milledgeville, GA, 31061, US"
807,"1960 DIAMOND RIDGE DR, Statham, GA, 30666, US"
808,"307 DEVONSHIRE DR, Winder, GA, 30680, US"
809,"239 HILL RD, Baldwin, GA, 30511, US"
810,"1568 DEE KENNEDY RD, Hoschton, GA, 30548, US"
811,"163 FOREST VALLEY DR, Gordon, GA, 31031, US"
812,"240 SELLERS RD, Baxley, GA, 31513, US"
813,"115 KEMP AVE SE, Milledgeville, GA, 31061, US"
814,"2530 MELODY WAY NW, Milledgeville, GA, 31061, US"
815,"1618 SUMMIT RDG, Auburn, GA, 30011, US"
816,"1339 HOLLIDAY DR, Winder, GA, 30680, US"
817,"3035 GOLDEN ISLE E, Baxley, GA, 31513, US"
818,"429 CODY RD, Nicholls, GA, 31554, US"
819,"311 MERIWETHER RD NW, Milledgeville, GA, 31061, US"
820,"117 PINE ST, Alma, GA, 31510, US"
821,"1911 HENDERSON FALLS WAY, Braselton, GA, 30517, US"
822,"412 SHENANDOAH CT, Winder, GA, 30680, US"
823,"120 IRISH LN, Milledgeville, GA, 31061, US"
824,"460 CARSON SEGARS RD, Maysville, GA, 30558, US"
825,"332 COBBLESTONE RD, Auburn, GA, 30011, US"
826,"583 MIDWAY CHURCH RD, Baxley, GA, 31513, US"
827,"722 GROVE LEVEL RD, Commerce, GA, 30529, US"
828,"1391 HIGHWAY 124, Hoschton, GA, 30548, US"
829,"1634 PHILLIPSBURG DR, Winder, GA, 30680, US"
830,"1941 DOOLEY TOWN RD, Statham, GA, 30666, US"
831,"111 GERRELL DR SW, Milledgeville, GA, 31061, US"
832,"7 ARNOLD RD NE, Statham, GA, 30666, US"
833,"2255 HOLT RENTZ RD, Hazlehurst, GA, 31539, US"
834,"112 E MONTEGO CT NW, Milledgeville, GA, 31061, US"
835,"2745 HIGHWAY 51 S, Lula, GA, 30554, US"
836,"1851 O'BRIEN RD, Pearson, GA, 31642, US"
837,"218 MORRIS RD, Willacoochee, GA, 31650, US"
838,"88 HIGHLAND DR, Baxley, GA, 31513, US"
839,"2914 JOSIE MILLER RD, Newton, GA, 39870, US"
840,"129 SUGARBERRY DR NE, Milledgeville, GA, 31061, US"
841,"288 MOUNT PLEASANT CHURCH RD, Gordon, GA, 31031, US"
842,"134 TWIN LAKE RD, Nicholls, GA, 31554, US"
843,"623 SIMMONS AVE, Milledgeville, GA, 31061, US"
844,"6965 W COUNTY LINE RD, Lula, GA, 30554, US"
845,"281 BOSTWICK ST, Willacoochee, GA, 31650, US"
846,"1108 SANDY RD, Baxley, GA, 31513, US"
847,"2296 SPRING BRANCH CHURCH RD, Baxley, GA, 31513, US"
848,"104 ELDER DR SW, Milledgeville, GA, 31061, US"
849,"331 ROYAL OAKS DR, Winder, GA, 30680, US"
850,"969 OLD THOMPSON MILL RD, Winder, GA, 30680, US"
851,"24 DEER RUN TRL, Winder, GA, 30680, US"
852,"194 HIGHWAY 326, Commerce, GA, 30530, US"
853,"2440 SUNFLOWER DR, Hoschton, GA, 30548, US"
854,"357 DOLES BLVD, Milledgeville, GA, 31061, US"
855,"208 MERRY DR NW, Milledgeville, GA, 31061, US"
856,"1621 SUMMIT RDG, Auburn, GA, 30011, US"
857,"250 BANKS RIDGE DR, Baldwin, GA, 30511, US"
858,"171 CICADA DR SE, Milledgeville, GA, 31061, US"
859,"1140 SPRING BRANCH CHURCH RD, Baxley, GA, 31513, US"
860,"134 LANDS DR NE, Milledgeville, GA, 31061, US"
861,"18 PITTY PAT LN, Baxley, GA, 31513, US"
862,"393 LEES CHAPEL RD, Nicholls, GA, 31554, US"
863,"123 LOGGINS RD, Commerce, GA, 30529, US"
864,"103 NELSON RD NW, Milledgeville, GA, 31061, US"
865,"114 GREENTREE DR, Auburn, GA, 30011, US"
866,"3375 ELMODEL HWY, Newton, GA, 39870, US"
867,"124 BROOKSIDE PL, Lula, GA, 30554, US"
868,"241 JORDAN COFER RD, Statham, GA, 30666, US"
869,"3074 CROSBY CHAPEL CHURCH RD, Baxley, GA, 31513, US"
870,"1043 PAYNE RD, Homer, GA, 30547, US"
871,"2620 NAILS FERRY RD, Baxley, GA, 31513, US"
872,"840 FREEMAN JOHNSON RD, Hoschton, GA, 30548, US"
873,"861 ODE PEPPERS CT, Winder, GA, 30680, US"
874,"252 WILLOW LAKE DR NW, Milledgeville, GA, 31061, US"
875,"132 CORDS BRIDGE RD NE, Milledgeville, GA, 31061, US"
876,"185 MERRY DR NW, Milledgeville, GA, 31061, US"
877,"2094 BROAD ST, Statham, GA, 30666, US"
878,"106 PIONEER PARK RD, Willacoochee, GA, 31650, US"
879,"1018 CYPERTS TRL, Winder, GA, 30680, US"
880,"45 MCCRANIE AVE W, Willacoochee, GA, 31650, US"
881,"1054 OGLETHORPE LN, Hoschton, GA, 30548, US"
882,"1885 HIGHWAY 82, Statham, GA, 30666, US"
883,"1895 BROAD ST, Statham, GA, 30666, US"
884,"205 HERITAGE WAY, Auburn, GA, 30011, US"
885,"983 BUFKIN RD, Baxley, GA, 31513, US"
886,"1070 GAGE DR, Winder, GA, 30680, US"
887,"1703 WHITLOCK LN, Winder, GA, 30680, US"
888,"1605 MUSCADINE DR, Hoschton, GA, 30548, US"
889,"489 GIN MILL DR, Monroe, GA, 30656, US"
890,"2443 WYNN LAKE RD, Alto, GA, 30510, US"
891,"900 W MONTGOMERY ST, Milledgeville, GA, 31061, US"
892,"1580 WYNTERCREEK CT, Hoschton, GA, 30548, US"
893,"1374 ASBURY CHURCH RD, Baxley, GA, 31513, US"
894,"951 N MANGUM BRIDGE RD, Maysville, GA, 30558, US"
895,"40 QUAIL CT, Winder, GA, 30680, US"
896,"342 LOG CABIN RD NE, Milledgeville, GA, 31061, US"
897,"216 OLD FLORIDA RD POST OFFICE BOX 34, Willacoochee, GA, 31650, US"
898,"154 CREST POINTE CT, Auburn, GA, 30011, US"
899,"540 HEMLOCK DR, Winder, GA, 30680, US"
900,"3851 HIGHWAY 105, Baldwin, GA, 30511, US"
901,"313 TEAKWOOD RD, Alma, GA, 31510, US"
902,"1269 HARMONY GROVE CHURCH RD, Auburn, GA, 30011, US"
903,"191 ROSE CREEK DR NE, Milledgeville, GA, 31061, US"
904,"2688 TOM SHEFFIELD RD, Damascus, GA, 39841, US"
905,"797 WILSON CRAPPS RD, Baxley, GA, 31513, US"
906,"1724 CARDINAL RD, Milledgeville, GA, 31061, US"
907,"2318 OLA CT, Milledgeville, GA, 31061, US"
908,"896 BROOKSIDE DR, Winder, GA, 30680, US"
909,"1980 BRIARCLIFF RD, Milledgeville, GA, 31061, US"
910,"1493 HARMONY GROVE CHURCH RD, Auburn, GA, 30011, US"
911,"2645 PRENTISS RD, Baxley, GA, 31513, US"
912,"2425 SHELBY LN, Milledgeville, GA, 31061, US"
913,"291 JULE INGRAM RD NE, Milledgeville, GA, 31061, US"
914,"116 PITTMAN ST, Pearson, GA, 31642, US"
915,"321 GARRISON SHOALS RD, Lula, GA, 30554, US"
916,"2743 IRWINTON RD SW, Milledgeville, GA, 31061, US"
917,"424 MARKET ST, Alma, GA, 31510, US"
918,"1578 WYNTERCREEK CT, Hoschton, GA, 30548, US"
919,"1426 LANGDON PARK CT, Winder, GA, 30680, US"
920,"115 SCENIC CT NW, Milledgeville, GA, 31061, US"
921,"88 CREEKWOOD CT, Winder, GA, 30680, US"
922,"596 JOHN MORRIS RD, Maysville, GA, 30558, US"
923,"574 MILTON SELLERS RD, Baxley, GA, 31513, US"
924,"118 ISLAND DR NE, Milledgeville, GA, 31061, US"
925,"167 BROWN BRIDGE LN, Commerce, GA, 30530, US"
926,"1511 COUNTRY CT, Auburn, GA, 30011, US"
927,"1879 HIGHWAY 82, Statham, GA, 30666, US"
928,"1176 BOSS HARDY RD, Auburn, GA, 30011, US"
929,"78 OLD MILL CT, Milledgeville, GA, 31061, US"
930,"505 MARCEL PK, Statham, GA, 30666, US"
931,"194 FOREST AVE, Baxley, GA, 31513, US"
932,"819 KENWOOD LN, Winder, GA, 30680, US"
933,"23 SAINT IVES CT, Winder, GA, 30680, US"
934,"184 CALLA LILY CIR, Alma, GA, 31510, US"
935,"116 SALEM CHURCH RD SW, Milledgeville, GA, 31061, US"
936,"240 E THOMAS ST, Milledgeville, GA, 31061, US"
937,"135 CORDS BRIDGE RD NE, Milledgeville, GA, 31061, US"
938,"835 ODE PEPPERS RD, Winder, GA, 30680, US"
939,"111 SPORTSMAN TRL NE, Milledgeville, GA, 31061, US"
940,"702 SIENNA VALLEY DR, Braselton, GA, 30517, US"
941,"100 TARA PL, Milledgeville, GA, 31061, US"
942,"129 PEBBLE HILL RD SE, Milledgeville, GA, 31061, US"
943,"407 WILSHIRE LN, Bethlehem, GA, 30620, US"
944,"1467 KILCHIS FALLS WAY, Braselton, GA, 30517, US"
945,"552 LORD RD, Commerce, GA, 30530, US"
946,"188 JOHN LEWIS LN, Baxley, GA, 31513, US"
947,"1835 OAK SPRING ST, Statham, GA, 30666, US"
948,"1007 ENGLISH OAK LN, Winder, GA, 30680, US"
949,"80 GUEST POND SUBD RD, Pearson, GA, 31642, US"
950,"326 HARDIGREE DR, Winder, GA, 30680, US"
951,"868 SOAPSTONE RD, Baldwin, GA, 30511, US"
952,"1226 HILL TOP RD, Baxley, GA, 31513, US"
953,"152 SCOTT DR, Winder, GA, 30680, US"
954,"545 DOVE LN, Axson, GA, 31624, US"
955,"206 COVEY RD SW, Milledgeville, GA, 31061, US"
956,"582 WINSTON MANOR CT, Winder, GA, 30680, US"
957,"113 JONES RD SW, Milledgeville, GA, 31061, US"
958,"800 PARK AVE, Baldwin, GA, 30511, US"
959,"156 MARION ST SE, Milledgeville, GA, 31061, US"
960,"313 KILCREASE RD, Auburn, GA, 30011, US"
961,"228 CHEYENNE WAY, Auburn, GA, 30011, US"
962,"1120 SWEETGUM LN, Baxley, GA, 31513, US"
963,"135 CORDS BRIDGE RD NE, Milledgeville, GA, 31061, US"
964,"197 CARSON SEGARS RD, Maysville, GA, 30558, US"
965,"165 HIDDEN HILLS DR NW, Milledgeville, GA, 31061, US"
966,"133 CAROLYN CT NE, Milledgeville, GA, 31061, US"
967,"270 KITCHENS RD SW, Haddock, GA, 31033, US"
968,"424 CORBIN CT, Statham, GA, 30666, US"
969,"33 CAROLYN ST, Auburn, GA, 30011, US"
970,"219 MATTHEWS SCHOOL RD, Winder, GA, 30680, US"
971,"208 COX RD NW, Milledgeville, GA, 31061, US"
972,"276 ANDREWS RD, Baldwin, GA, 30511, US"
973,"391 CARL CEDAR HILL RD, Winder, GA, 30680, US"
974,"119 HELEN CIR SW, Milledgeville, GA, 31061, US"
975,"664 WYLIE MCGUIRE RD, Statham, GA, 30666, US"
976,"41 STAR ST E, Bethlehem, GA, 30620, US"
977,"615 S JEFFERSON ST SE, Milledgeville, GA, 31061, US"
978,"462 MCCARTY RD, Statham, GA, 30666, US"
979,"1113 HUMMINGBIRD WAY, Winder, GA, 30680, US"
980,"911 SATILLA CHURCH RD, Baxley, GA, 31513, US"
981,"271 HARRISBURG RD SW, Milledgeville, GA, 31061, US"
982,"158 ELK GROVE DR, Auburn, GA, 30011, US"
983,"190 FRAZIER DR SE, Milledgeville, GA, 31061, US"
984,"254 NORTHSIDE ST, Baxley, GA, 31513, US"
985,"5285 VERNON HALL RD, Newton, GA, 39870, US"
986,"6845 AXSON RD, Axson, GA, 31624, US"
987,"1870 DOOLEY TOWN RD, Statham, GA, 30666, US"
988,"328 GLENHAVEN DR, Milledgeville, GA, 31061, US"
989,"103 OLD GRITSMILL RD, Sparta, GA, 31087, US"
990,"113 LINGOLD RD NW, Milledgeville, GA, 31061, US"
991,"110 FAITH DR SE, Milledgeville, GA, 31061, US"
992,"483 SPARTA HWY NE, Milledgeville, GA, 31061, US"
993,"195 STONERIDGE DR NW, Milledgeville, GA, 31061, US"
994,"1887 CLUB ST, Statham, GA, 30666, US"
995,"175 MARTINDALE RD NW, Milledgeville, GA, 31061, US"
996,"4348 COGDELL HWY, Pearson, GA, 31642, US"
997,"334 BACON SCHOOL RD, Alma, GA, 31510, US"
998,"233 MERRY DR NW, Milledgeville, GA, 31061, US"
999,"310 MILTON MILLER RD, Colquitt, GA, 39837, US"
1000,"498 SATILLA CHURCH RD, Baxley, GA, 31513, US"
